participant,learningDirection,startingPoint,imaginedDirection,condition,trialType,trialOrder,trialNumber,facingObject,facingObjectLocation,targetObject,targetObjectLocation,latency,horizontalCorrectAngle,horizontalResponseAngle,horizontalError,horizontalAbsError,verticalCorrectAngle,verticalResponseAngle,verticalError,verticalAbsError
1,0,0,315,0,Aligned,0,1,Sphere_White,Bottom,Sphere,Bottom,0,180,16,4002,-163,5998,163,5998,-5,328415,0,199913,5,528328,5,528328
1,0,0,315,0,Aligned,0,2,Sphere,Bottom,Sphere_White,Bottom,0,180,27,60017,-152,3998,152,3998,-5,328415,-1,000145,4,32827,4,32827
1,0,0,315,0,Aligned,0,3,Sphere_White,Bottom,Cube,Bottom,0,90,27,60017,-62,39984,62,39984,-5,328415,-1,000145,4,32827,4,32827
1,0,0,315,0,Aligned,0,4,Cube,Bottom,Sphere_White,Bottom,0,-90,27,60017,117,6002,117,6002,-5,328415,-1,000145,4,32827,4,32827
1,0,0,315,0,Aligned,0,5,Sphere,Bottom,Cube,Bottom,0,-90,27,60017,117,6002,117,6002,-5,328415,-1,000145,4,32827,4,32827
1,0,0,315,0,Aligned,0,6,Cube_White,Bottom,Cube,Bottom,0,180,29,60022,-150,3998,150,3998,-5,328415,-0,2001724,5,128242,5,128242
1,0,0,315,0,Aligned,0,7,Cube,Bottom,Sphere,Bottom,0,90,29,60022,-60,39978,60,39978,-5,328415,-0,2001724,5,128242,5,128242
1,0,0,315,0,Aligned,0,8,Sphere_White,Bottom,Cube_White,Bottom,0,-90,29,60022,119,6002,119,6002,-5,328415,-0,2001724,5,128242,5,128242
1,0,0,315,0,Aligned,0,9,Cube_White,Bottom,Sphere,Bottom,0,-90,29,60022,119,6002,119,6002,-5,328415,-0,2001724,5,128242,5,128242
1,0,0,315,0,Aligned,0,10,Sphere,Bottom,Cube_White,Bottom,0,90,30,00021,-59,99979,59,99979,-5,328415,-0,0001525879,5,328262,5,328262
1,0,0,315,0,Aligned,0,11,Cube,Bottom,Cube_White,Bottom,0,180,30,00021,-149,9998,149,9998,-5,328415,-0,0001525879,5,328262,5,328262
1,0,0,315,0,Aligned,0,12,Cube_White,Bottom,Sphere_White,Bottom,0,90,30,00021,-59,99979,59,99979,-5,328415,-0,0001525879,5,328262,5,328262
1,0,0,315,0,Aligned,0,13,Sphere_Top,Top,Cube_WhiteTop,Top,0,90,19,20041,-70,79959,70,79959,-4,719978,-0,2001572,4,519821,4,519821
1,0,0,315,0,Aligned,0,14,Cube_WhiteTop,Top,Sphere_Top,Top,0,-90,20,80052,110,8005,110,8005,-4,719978,-3,000366,1,719612,1,719612
1,0,0,315,0,Aligned,0,15,Sphere_WhiteTop,Top,Cube_Top,Top,0,90,26,00069,-63,9993,63,9993,-4,719978,-7,800659,-3,080681,3,080681
1,0,0,315,0,Aligned,0,16,Sphere_Top,Top,Sphere_WhiteTop,Top,0,180,26,40073,-153,5993,153,5993,-4,719978,-7,400665,-2,680687,2,680687
1,0,0,315,0,Aligned,0,17,Cube_WhiteTop,Top,Sphere_WhiteTop,Top,0,90,26,40073,-63,59927,63,59927,-4,719978,-7,400665,-2,680687,2,680687
1,0,0,315,0,Aligned,0,18,Sphere_WhiteTop,Top,Cube_WhiteTop,Top,0,-90,28,80083,118,8008,118,8008,-4,719978,0,3994293,5,119408,5,119408
1,0,0,315,0,Aligned,0,19,Cube_WhiteTop,Top,Cube_Top,Top,0,180,21,80079,-158,1992,158,1992,-4,719978,-37,40057,-32,68059,32,68059
1,0,0,315,0,Aligned,0,20,Sphere_WhiteTop,Top,Sphere_Top,Top,0,-180,7,800718,-172,1993,172,1993,-4,719978,-63,60054,-58,88056,58,88056
1,0,0,315,0,Aligned,0,21,Sphere_Top,Top,Cube_Top,Top,0,-90,10,00072,100,0007,100,0007,-4,719978,-16,80047,-12,08049,12,08049
1,0,0,315,0,Semi_Aligned,0,22,Sphere_White,Bottom,Sphere_WhiteTop,Top,0,-45,-119,7998,-74,79974,74,79974,40,78489,-1,40078,-42,18567,42,18567
1,0,0,315,0,Semi_Aligned,0,23,Sphere_White,Bottom,Cube_Top,Top,0,45,-119,7998,-164,7998,164,7998,40,78489,-1,40078,-42,18567,42,18567
1,0,0,315,0,Semi_Aligned,0,24,Sphere_White,Bottom,Sphere_Top,Top,0,135,-119,7998,105,2002,105,2002,40,78489,-1,40078,-42,18567,42,18567
1,0,0,315,0,Semi_Aligned,0,25,Cube_White,Bottom,Sphere_WhiteTop,Top,0,45,-118,9997,-163,9997,163,9997,40,78489,-0,2007141,-40,98561,40,98561
1,0,0,315,0,Semi_Aligned,0,26,Sphere,Bottom,Cube_Top,Top,0,-135,-118,7997,16,20029,16,20029,40,78489,0,5993195,-40,18557,40,18557
1,0,0,315,0,Semi_Aligned,0,27,Cube_White,Bottom,Cube_WhiteTop,Top,0,-45,-118,5997,-73,59967,73,59967,40,78489,1,599403,-39,18549,39,18549
1,0,0,315,0,Semi_Aligned,0,28,Cube,Bottom,Cube_WhiteTop,Top,0,135,-118,5997,106,4003,106,4003,40,78489,1,599403,-39,18549,39,18549
1,0,0,315,0,Semi_Aligned,0,29,Sphere_White,Bottom,Cube_WhiteTop,Top,0,-135,-118,5997,16,40032,16,40032,40,78489,1,599403,-39,18549,39,18549
1,0,0,315,0,Semi_Aligned,0,30,Cube_White,Bottom,Sphere_Top,Top,0,-135,-118,5997,16,40032,16,40032,40,78489,1,599403,-39,18549,39,18549
1,0,0,315,0,Semi_Aligned,0,31,Cube,Bottom,Cube_Top,Top,0,-45,-118,5997,-73,59967,73,59967,40,78489,1,599403,-39,18549,39,18549
1,0,0,315,0,Semi_Aligned,0,32,Sphere,Bottom,Sphere_Top,Top,0,-45,-129,1997,-84,19971,84,19971,40,78489,-0,800621,-41,58551,41,58551
1,0,0,315,0,Semi_Aligned,0,33,Sphere,Bottom,Cube_WhiteTop,Top,0,45,-128,9997,-173,9997,173,9997,40,78489,-0,800621,-41,58551,41,58551
1,0,0,315,0,Semi_Aligned,0,34,Sphere,Bottom,Sphere_WhiteTop,Top,0,135,-127,3996,97,6004,97,6004,40,78489,0,9994583,-39,78543,39,78543
1,0,0,315,0,Semi_Aligned,0,35,Cube_White,Bottom,Cube_Top,Top,0,135,-126,1995,98,80048,98,80048,40,78489,1,59948,-39,18541,39,18541
1,0,0,315,0,Semi_Aligned,0,36,Cube,Bottom,Sphere_WhiteTop,Top,0,-135,-126,1995,8,800491,8,800491,40,78489,1,59948,-39,18541,39,18541
1,0,0,315,0,Semi_Aligned,0,37,Cube,Bottom,Sphere_Top,Top,0,45,-126,1995,-171,1995,171,1995,40,78489,1,59948,-39,18541,39,18541
1,0,0,315,0,Aligned,0,1,Cube_White,Bottom,Sphere,Bottom,0,-90,58,60023,148,6002,148,6002,-5,328415,-3,600006,1,728409,1,728409
1,0,0,315,0,Aligned,0,2,Cube_White,Bottom,Sphere_White,Bottom,2,662769,90,-28,9998,-118,9998,118,9998,-5,328415,6,11,32841,11,32841
1,0,0,315,0,Aligned,0,3,Sphere_White,Bottom,Cube_White,Bottom,2,439689,-90,41,60012,131,6001,131,6001,-5,328415,-5,800003,-0,4715881,0,4715881
1,0,0,315,0,Aligned,0,4,Sphere,Bottom,Sphere_White,Bottom,3,855165,180,41,80013,-138,1999,138,1999,-5,328415,-3,800011,1,528404,1,528404
1,0,0,315,0,Aligned,0,5,Sphere,Bottom,Cube,Bottom,3,816892,-90,41,80013,131,8001,131,8001,-5,328415,-3,800011,1,528404,1,528404
1,0,0,315,0,Aligned,0,6,Sphere,Bottom,Cube_White,Bottom,6,087427,90,31,8001,-58,19989,58,19989,-5,328415,-2,600014,2,728401,2,728401
1,0,0,315,0,Aligned,0,7,Cube,Bottom,Sphere_White,Bottom,7,093496,-90,33,20008,123,2001,123,2001,-5,328415,-2,000015,3,3284,3,3284
1,0,0,315,0,Aligned,0,8,Sphere_White,Bottom,Cube,Bottom,4,032196,90,138,4001,48,40013,48,40013,-5,328415,4,599991,9,928406,9,928406
1,0,0,315,0,Aligned,0,9,Cube,Bottom,Cube_White,Bottom,11,71858,180,112,8,-67,20001,67,20001,-5,328415,-0,2000198,5,128395,5,128395
1,0,0,315,0,Aligned,0,10,Sphere_White,Bottom,Sphere,Bottom,6,945114,180,-4,199879,175,8001,175,8001,-5,328415,-10,20001,-4,871597,4,871597
1,0,0,315,0,Aligned,0,11,Cube_White,Bottom,Cube,Bottom,3,144474,180,30,19978,-149,8002,149,8002,-5,328415,0,7999878,6,128403,6,128403
1,0,0,315,0,Aligned,0,12,Cube,Bottom,Sphere,Bottom,2,942516,90,30,99977,-59,00024,59,00024,-5,328415,2,799988,8,128403,8,128403
1,0,0,315,0,Aligned,0,13,Sphere_WhiteTop,Top,Cube_WhiteTop,Top,1,585247,-90,49,79946,139,7995,139,7995,-4,719978,2,200027,6,920006,6,920006
1,0,0,315,0,Aligned,0,14,Cube_WhiteTop,Top,Sphere_WhiteTop,Top,10,00139,90,49,59945,-40,40054,40,40054,-4,719978,2,200027,6,920006,6,920006
1,0,0,315,0,Aligned,0,1,Sphere,Bottom,Cube_White,Bottom,0,90,71,60007,-18,39993,18,39993,-5,328415,-6,999947,-1,671532,1,671532
1,0,0,315,0,Aligned,0,2,Sphere_White,Bottom,Sphere,Bottom,2,927311,180,71,60007,-108,3999,108,3999,-5,328415,-6,999947,-1,671532,1,671532
1,0,0,315,0,Aligned,0,3,Cube,Bottom,Sphere_White,Bottom,1,003205,-90,64,40009,154,4001,154,4001,-5,328415,-4,799805,0,5286102,0,5286102
1,0,0,315,0,Aligned,0,4,Sphere_White,Bottom,Cube,Bottom,1,003127,90,55,80017,-34,19983,34,19983,-5,328415,-2,999702,2,328712,2,328712
1,0,0,315,0,Aligned,0,5,Cube_White,Bottom,Cube,Bottom,1,000299,180,56,00016,-123,9998,123,9998,-5,328415,-2,999702,2,328712,2,328712
1,0,0,315,0,Aligned,0,6,Sphere,Bottom,Sphere_White,Bottom,1,00075,180,56,00016,-123,9998,123,9998,-5,328415,-2,999702,2,328712,2,328712
1,0,0,315,0,Aligned,0,7,Cube_White,Bottom,Sphere_White,Bottom,1,010068,90,56,00016,-33,99985,33,99985,-5,328415,-2,999702,2,328712,2,328712
1,0,0,315,0,Aligned,0,8,Sphere_White,Bottom,Cube_White,Bottom,1,001863,-90,56,00016,146,0002,146,0002,-5,328415,-2,999702,2,328712,2,328712
1,0,0,315,0,Aligned,0,9,Sphere,Bottom,Cube,Bottom,1,004113,-90,56,00016,146,0002,146,0002,-5,328415,-2,999702,2,328712,2,328712
1,0,0,315,0,Aligned,0,10,Cube,Bottom,Cube_White,Bottom,2,7517,180,56,00016,-123,9998,123,9998,-5,328415,-2,999702,2,328712,2,328712
1,0,0,315,0,Aligned,0,11,Cube_White,Bottom,Sphere,Bottom,2,053278,-90,56,00016,146,0002,146,0002,-5,328415,-2,999702,2,328712,2,328712
1,0,0,315,0,Aligned,0,12,Cube,Bottom,Sphere,Bottom,1,001059,90,56,00016,-33,99985,33,99985,-5,328415,-2,999702,2,328712,2,328712
1,0,0,315,0,Aligned,0,13,Cube_WhiteTop,Top,Sphere_WhiteTop,Top,2,097593,90,49,80005,-40,19995,40,19995,-4,719978,0,8001404,5,520119,5,520119
1,0,0,315,0,Aligned,0,14,Sphere_Top,Top,Sphere_WhiteTop,Top,10,51574,-180,49,80005,-130,2,130,2,-4,719978,0,8001404,5,520119,5,520119
1,0,0,315,0,Aligned,0,15,Cube_WhiteTop,Top,Cube_Top,Top,1,005409,180,78,40026,-101,5997,101,5997,-4,719978,-4,599854,0,1201248,0,1201248
1,0,0,315,0,Aligned,0,16,Sphere_WhiteTop,Top,Cube_WhiteTop,Top,3,749126,-90,57,40035,147,4003,147,4003,-4,719978,-4,199898,0,5200806,0,5200806
1,0,0,315,0,Aligned,0,17,Sphere_Top,Top,Cube_Top,Top,2,66713,-90,-18,59997,71,40002,71,40002,-4,719978,8,600151,13,32013,13,32013
1,0,0,315,0,Aligned,0,18,Sphere_WhiteTop,Top,Sphere_Top,Top,2,828377,180,39,80005,-140,2,140,2,-4,719978,-3,199883,1,520096,1,520096
1,0,0,315,0,Aligned,0,1,Cube_White,Bottom,Sphere,Bottom,0,-90,15,4,105,4,105,4,-5,328415,0,1999435,5,528358,5,528358
1,0,0,315,0,Aligned,0,2,Sphere_White,Bottom,Cube_White,Bottom,2,786576,-90,15,4,105,4,105,4,-5,328415,0,1999435,5,528358,5,528358
1,0,0,315,0,Aligned,0,3,Cube_White,Bottom,Sphere_White,Bottom,1,005589,90,15,4,-74,60001,74,60001,-5,328415,0,1999435,5,528358,5,528358
1,0,0,315,0,Aligned,0,4,Sphere_White,Bottom,Sphere,Bottom,1,00734,180,15,4,-164,6,164,6,-5,328415,0,1999435,5,528358,5,528358
1,0,0,315,0,Aligned,0,5,Cube,Bottom,Cube_White,Bottom,1,010184,180,15,4,-164,6,164,6,-5,328415,0,1999435,5,528358,5,528358
1,0,0,315,0,Aligned,0,6,Cube,Bottom,Sphere_White,Bottom,1,002154,-90,15,4,105,4,105,4,-5,328415,0,1999435,5,528358,5,528358
1,0,0,315,0,Aligned,0,7,Sphere_White,Bottom,Cube,Bottom,1,003532,90,15,4,-74,60001,74,60001,-5,328415,0,1999435,5,528358,5,528358
1,0,0,315,0,Aligned,0,8,Cube_White,Bottom,Cube,Bottom,1,00277,180,15,4,-164,6,164,6,-5,328415,0,1999435,5,528358,5,528358
1,0,0,315,0,Aligned,0,9,Sphere,Bottom,Sphere_White,Bottom,1,002425,180,15,4,-164,6,164,6,-5,328415,0,1999435,5,528358,5,528358
1,0,0,315,0,Aligned,0,10,Sphere,Bottom,Cube_White,Bottom,2,654491,90,15,4,-74,60001,74,60001,-5,328415,0,1999435,5,528358,5,528358
1,0,0,315,0,Aligned,0,11,Cube,Bottom,Sphere,Bottom,2,055649,90,15,4,-74,60001,74,60001,-5,328415,0,1999435,5,528358,5,528358
1,0,0,315,0,Aligned,0,12,Sphere,Bottom,Cube,Bottom,1,907772,-90,15,4,105,4,105,4,-5,328415,0,1999435,5,528358,5,528358
1,0,0,315,0,Aligned,0,1,Cube,Bottom,Sphere_White,Bottom,0,-90,54,59996,144,6,144,6,-5,328415,5,800125,11,12854,11,12854
1,0,0,315,0,Aligned,0,2,Sphere_White,Bottom,Cube,Bottom,2,230274,90,23,60004,-66,39996,66,39996,-5,328415,6,399979,11,72839,11,72839
1,0,0,315,0,Aligned,0,3,Cube,Bottom,Sphere,Bottom,2,740383,90,23,60004,-66,39996,66,39996,-5,328415,6,399979,11,72839,11,72839
1,0,0,315,0,Aligned,0,4,Sphere,Bottom,Cube,Bottom,1,000006,-90,23,60004,113,6,113,6,-5,328415,6,399979,11,72839,11,72839
1,0,0,315,0,Aligned,0,5,Sphere_White,Bottom,Cube_White,Bottom,1,593707,-90,23,60004,113,6,113,6,-5,328415,6,399979,11,72839,11,72839
1,0,0,315,0,Aligned,0,6,Cube,Bottom,Cube_White,Bottom,1,005238,180,35,20007,-144,7999,144,7999,-5,328415,4,199928,9,528343,9,528343
1,0,0,315,0,Aligned,0,7,Sphere,Bottom,Cube_White,Bottom,2,769055,90,35,20007,-54,79993,54,79993,-5,328415,4,199928,9,528343,9,528343
1,0,0,315,0,Aligned,0,8,Cube_White,Bottom,Cube,Bottom,1,005852,180,35,20007,-144,7999,144,7999,-5,328415,4,199928,9,528343,9,528343
1,0,0,315,0,Aligned,0,9,Cube_White,Bottom,Sphere,Bottom,1,003595,-90,28,4001,118,4001,118,4001,-5,328415,5,199921,10,52834,10,52834
1,0,0,315,0,Aligned,0,10,Sphere_White,Bottom,Sphere,Bottom,1,003141,180,32,40009,-147,5999,147,5999,-5,328415,7,000023,12,32844,12,32844
1,0,0,315,0,Aligned,0,11,Cube_White,Bottom,Sphere_White,Bottom,1,002871,90,22,00016,-67,99985,67,99985,-5,328415,17,2003,22,52872,22,52872
1,0,0,315,0,Aligned,0,12,Sphere,Bottom,Sphere_White,Bottom,1,001699,180,19,80017,-160,1998,160,1998,-5,328415,-1,999725,3,32869,3,32869
1,0,0,315,0,Aligned,0,13,Sphere_Top,Top,Sphere_WhiteTop,Top,1,005451,180,29,60015,-150,3998,150,3998,-4,719978,0,4003601,5,120338,5,120338
1,0,0,315,0,Aligned,0,14,Cube_WhiteTop,Top,Sphere_Top,Top,6,756479,-90,29,40018,119,4002,119,4002,-4,719978,0,4003601,5,120338,5,120338
1,0,0,315,0,Aligned,0,15,Cube_WhiteTop,Top,Cube_Top,Top,1,002394,180,29,20017,-150,7998,150,7998,-4,719978,0,4003601,5,120338,5,120338
1,0,0,315,0,Aligned,0,16,Cube_WhiteTop,Top,Sphere_WhiteTop,Top,1,000343,90,29,20017,-60,79984,60,79984,-4,719978,0,4003601,5,120338,5,120338
1,0,0,315,0,Aligned,0,17,Sphere_WhiteTop,Top,Cube_Top,Top,1,004038,90,29,20017,-60,79984,60,79984,-4,719978,0,4003601,5,120338,5,120338
1,0,0,315,0,Aligned,0,18,Sphere_WhiteTop,Top,Sphere_Top,Top,1,003611,180,-10,19985,169,8001,169,8001,-4,719978,39,80036,44,52034,44,52034
1,0,0,315,0,Aligned,0,1,Cube_White,Bottom,Cube,Bottom,5,511131,180,54,-126,126,-5,328415,-1,800011,3,528404,3,528404
1,0,0,315,0,Aligned,0,2,Sphere,Bottom,Cube,Bottom,2,027679,-90,20,20001,110,2,110,2,-5,328415,-1,400002,3,928413,3,928413
1,0,0,315,0,Aligned,0,3,Sphere,Bottom,Sphere_White,Bottom,4,018179,180,19,60002,-160,4,160,4,-5,328415,-0,2000046,5,12841,5,12841
1,0,0,315,0,Aligned,0,4,Cube_White,Bottom,Sphere_White,Bottom,2,440504,90,47,60004,-42,39996,42,39996,-5,328415,2,399994,7,728409,7,728409
1,0,0,315,0,Aligned,0,5,Cube_White,Bottom,Sphere,Bottom,2,855061,-90,47,60004,137,6,137,6,-5,328415,2,399994,7,728409,7,728409
1,0,0,315,0,Aligned,0,6,Sphere_White,Bottom,Sphere,Bottom,10,00596,180,22,00006,-157,9999,157,9999,-5,328415,2,799988,8,128403,8,128403
1,0,0,315,0,Aligned,0,7,Sphere_White,Bottom,Cube,Bottom,6,636169,90,27,80024,-62,19977,62,19977,-5,328415,0,3999939,5,728409,5,728409
1,0,0,315,0,Aligned,0,8,Sphere,Bottom,Cube_White,Bottom,1,005142,90,27,80024,-62,19977,62,19977,-5,328415,0,3999939,5,728409,5,728409
1,0,0,315,0,Aligned,0,9,Cube,Bottom,Sphere,Bottom,1,001266,90,27,80024,-62,19977,62,19977,-5,328415,0,3999939,5,728409,5,728409
1,0,0,315,0,Aligned,0,10,Cube,Bottom,Cube_White,Bottom,1,004181,180,27,80024,-152,1998,152,1998,-5,328415,0,3999939,5,728409,5,728409
1,0,0,315,0,Aligned,0,11,Sphere_White,Bottom,Cube_White,Bottom,4,257923,-90,27,80025,117,8002,117,8002,-5,328415,0,5999985,5,928413,5,928413
1,0,0,315,0,Aligned,0,12,Cube,Bottom,Sphere_White,Bottom,7,514671,-90,22,60037,112,6004,112,6004,-5,328415,1,199997,6,528412,6,528412
1,0,0,315,0,Aligned,0,13,Cube_WhiteTop,Top,Sphere_Top,Top,1,544842,-90,47,80046,137,8005,137,8005,-4,719978,0,600029,5,320007,5,320007
1,0,0,315,0,Aligned,0,14,Sphere_Top,Top,Sphere_WhiteTop,Top,2,240444,180,46,00049,-133,9995,133,9995,-4,719978,1,200012,5,919991,5,919991
1,0,0,315,0,Aligned,0,15,Sphere_Top,Top,Cube_Top,Top,1,002609,-90,46,00049,136,0005,136,0005,-4,719978,1,200012,5,919991,5,919991
1,0,0,315,0,Aligned,0,16,Sphere_WhiteTop,Top,Cube_WhiteTop,Top,1,006775,-90,46,00049,136,0005,136,0005,-4,719978,1,200012,5,919991,5,919991
1,0,0,315,0,Aligned,0,1,Sphere_White,Bottom,Sphere,Bottom,2,126017,180,-8,200015,171,8,171,8,-5,328415,7,799919,13,12833,13,12833
1,0,0,315,0,Aligned,0,2,Sphere,Bottom,Cube_White,Bottom,0,001956463,90,13,19995,-76,80005,76,80005,-5,328415,-1,000114,4,3283,4,3283
1,0,0,315,0,Aligned,0,3,Cube_White,Bottom,Sphere_White,Bottom,0,005906105,90,16,3999,-73,6001,73,6001,-5,328415,0,7999878,6,128403,6,128403
1,0,0,315,0,Aligned,0,4,Cube_White,Bottom,Cube,Bottom,0,0003185272,180,18,39988,-161,6001,161,6001,-5,328415,1,600029,6,928444,6,928444
1,0,0,315,0,Aligned,0,5,Cube,Bottom,Sphere,Bottom,0,005058289,90,18,39988,-71,60013,71,60013,-5,328415,1,600029,6,928444,6,928444
1,0,0,315,0,Aligned,0,6,Sphere,Bottom,Cube,Bottom,3,100163,-90,99,19973,-170,8003,170,8003,-5,328415,-5,000015,0,3283997,0,3283997
1,0,0,315,0,Aligned,0,7,Cube_White,Bottom,Sphere,Bottom,2,810465,-90,16,7997,106,7997,106,7997,-5,328415,-4,400017,0,9283981,0,9283981
1,0,0,315,0,Aligned,0,8,Cube,Bottom,Cube_White,Bottom,3,056889,180,24,39962,-155,6004,155,6004,-5,328415,-2,800018,2,528397,2,528397
1,0,0,315,0,Aligned,0,9,Cube,Bottom,Sphere_White,Bottom,2,926102,-90,3,399609,93,39961,93,39961,-5,328415,1,999901,7,328316,7,328316
1,0,0,315,0,Aligned,0,10,Sphere,Bottom,Sphere_White,Bottom,0,005893707,180,25,19958,-154,8004,154,8004,-5,328415,-0,2001038,5,128311,5,128311
1,0,0,315,0,Aligned,0,11,Sphere_White,Bottom,Cube,Bottom,0,001567841,90,25,19958,-64,80042,64,80042,-5,328415,-0,2001038,5,128311,5,128311
1,0,0,315,0,Aligned,0,12,Sphere_White,Bottom,Cube_White,Bottom,0,002231598,-90,25,19958,115,1996,115,1996,-5,328415,-0,2001038,5,128311,5,128311
1,0,0,315,0,Aligned,0,13,Sphere_Top,Top,Cube_WhiteTop,Top,2,094418,90,25,19958,-64,80042,64,80042,-4,719978,-3,400047,1,319931,1,319931
12,0,0,315,0,Aligned,0,1,Sphere_White,Bottom,Sphere,Bottom,1,454535,180,50,00004,-130,130,-5,328415,0,1999817,5,528397,5,528397
12,0,0,315,0,Aligned,0,2,Cube_White,Bottom,Cube,Bottom,0,004684448,180,50,00004,-130,130,-5,328415,0,1999817,5,528397,5,528397
12,0,0,315,0,Aligned,0,3,Sphere,Bottom,Cube_White,Bottom,0,004350662,90,50,00004,-39,99997,39,99997,-5,328415,0,1999817,5,528397,5,528397
12,0,0,315,0,Aligned,0,4,Cube_White,Bottom,Sphere,Bottom,0,0007715225,-90,17,40014,107,4001,107,4001,-5,328415,-6,800011,-1,471596,1,471596
12,0,0,315,0,Aligned,0,5,Cube,Bottom,Sphere,Bottom,0,009542465,90,15,60016,-74,39984,74,39984,-5,328415,2,799988,8,128403,8,128403
12,0,0,315,0,Aligned,0,6,Cube,Bottom,Sphere_White,Bottom,0,005544662,-90,41,60005,131,6001,131,6001,-5,328415,-2,000015,3,3284,3,3284
12,0,0,315,0,Aligned,0,7,Cube,Bottom,Cube_White,Bottom,0,0001544952,180,147,4001,-32,59991,32,59991,-5,328415,68,40001,73,72842,73,72842
1,0,0,90,0,Aligned,0,1,Cube_White,Bottom,Sphere_White,Bottom,3,307825,90,19,59997,-70,40002,70,40002,-5,328415,0,5996475,5,928062,5,928062
1,0,0,90,0,Aligned,0,2,Sphere,Bottom,Sphere_White,Bottom,0,003978729,180,29,39993,-150,6001,150,6001,-5,328415,-0,600441,4,727974,4,727974
1,0,0,90,0,Aligned,0,3,Sphere_White,Bottom,Sphere,Bottom,0,001119614,180,43,79986,-136,2001,136,2001,-5,328415,-3,400604,1,927811,1,927811
12,0,1,90,0,Aligned,0,1,Sphere_Top,Top,Cube_WhiteTop,Top,2,802647,90,34,39997,-55,60004,55,60004,-4,719986,2,599861,7,319847,7,319847
12,0,1,90,0,Aligned,0,2,Sphere_Top,Top,Cube_Top,Top,0,001022339,-90,34,39997,124,4,124,4,-4,719986,2,599861,7,319847,7,319847
12,0,1,90,0,Aligned,0,3,Cube_WhiteTop,Top,Cube_Top,Top,0,002952576,180,34,39997,-145,6,145,6,-4,719986,2,599861,7,319847,7,319847
12,0,1,90,0,Aligned,0,4,Cube_WhiteTop,Top,Sphere_Top,Top,0,0003623962,-90,34,39997,124,4,124,4,-4,719986,2,599861,7,319847,7,319847
12,0,1,90,0,Aligned,0,5,Cube_WhiteTop,Top,Sphere_WhiteTop,Top,0,004898071,90,6,400002,-83,60001,83,60001,-4,719986,-47,80016,-43,08017,43,08017
12,0,1,90,0,Aligned,0,6,Sphere_WhiteTop,Top,Sphere_Top,Top,0,001159668,180,6,000021,-174,174,-4,719986,-46,2002,-41,48021,41,48021
12,0,1,90,0,Aligned,0,7,Sphere_Top,Top,Sphere_WhiteTop,Top,0,0004615784,-180,6,000021,-174,174,-4,719986,-46,2002,-41,48021,41,48021
12,0,1,90,0,Aligned,0,8,Sphere_WhiteTop,Top,Cube_WhiteTop,Top,1,533504,-90,0,90,90,-4,719986,-6,800026,-2,08004,2,08004
12,0,1,90,0,Aligned,0,9,Sphere_WhiteTop,Top,Cube_Top,Top,0,002067566,90,16,20004,-73,79996,73,79996,-4,719986,-7,000038,-2,280052,2,280052
12,0,1,90,0,Aligned,0,10,Cube_White,Bottom,Sphere_White,Bottom,18,31139,90,27,20012,-62,79987,62,79987,-44,38966,9,599792,53,98946,53,98946
12,0,1,90,0,Aligned,0,11,Sphere_White,Bottom,Sphere,Bottom,0,006134033,180,27,20012,-152,7999,152,7999,-44,38966,9,599792,53,98946,53,98946
1,0,0,90,0,Aligned,0,1,Sphere,Bottom,Sphere_White,Bottom,1,966164,180,18,99996,-161,161,-5,328415,2,599998,7,928413,7,928413
1,0,0,90,0,Aligned,0,2,Cube_White,Bottom,Sphere_White,Bottom,0,005331993,90,17,2,-72,79999,72,79999,-5,328415,0,7999878,6,128403,6,128403
1,0,0,90,0,Aligned,0,3,Sphere_White,Bottom,Sphere,Bottom,0,005661011,180,17,2,-162,8,162,8,-5,328415,0,7999878,6,128403,6,128403
1,0,0,90,0,Aligned,0,4,Cube,Bottom,Cube_White,Bottom,0,00153923,180,17,2,-162,8,162,8,-5,328415,0,7999878,6,128403,6,128403
1,0,0,90,0,Aligned,0,5,Sphere_White,Bottom,Cube_White,Bottom,0,003780365,-90,17,2,107,2,107,2,-5,328415,0,7999878,6,128403,6,128403
1,0,0,90,0,Aligned,0,6,Sphere,Bottom,Cube_White,Bottom,0,00161171,90,17,2,-72,79999,72,79999,-5,328415,0,7999878,6,128403,6,128403
1,0,0,90,0,Aligned,0,7,Cube_White,Bottom,Sphere,Bottom,0,004831314,-90,17,2,107,2,107,2,-5,328415,0,7999878,6,128403,6,128403
1,0,0,90,0,Aligned,0,8,Cube,Bottom,Sphere_White,Bottom,0,004987717,-90,17,2,107,2,107,2,-5,328415,0,7999878,6,128403,6,128403
1,0,0,90,0,Aligned,0,9,Sphere_White,Bottom,Cube,Bottom,0,00279808,90,17,2,-72,79999,72,79999,-5,328415,0,7999878,6,128403,6,128403
1,0,0,90,0,Aligned,0,10,Sphere,Bottom,Cube,Bottom,0,00176239,-90,17,2,107,2,107,2,-5,328415,0,7999878,6,128403,6,128403
1,0,0,90,0,Aligned,0,11,Cube,Bottom,Sphere,Bottom,0,001842499,90,17,2,-72,79999,72,79999,-5,328415,0,7999878,6,128403,6,128403
1,0,0,90,0,Aligned,0,12,Cube_White,Bottom,Cube,Bottom,0,003232956,180,17,2,-162,8,162,8,-5,328415,0,7999878,6,128403,6,128403
1,0,0,90,0,Aligned,0,13,Cube_WhiteTop,Top,Cube_Top,Top,1,92971,180,5,999989,-174,174,-4,719978,-0,9999924,3,719986,3,719986
1,0,0,90,0,Aligned,0,14,Sphere_WhiteTop,Top,Cube_Top,Top,0,004865646,90,7,199963,-82,80005,82,80005,-4,719978,0,9999924,5,719971,5,719971
1,0,0,90,0,Aligned,0,15,Sphere_WhiteTop,Top,Sphere_Top,Top,0,00113678,-180,7,199963,-172,8,172,8,-4,719978,0,9999924,5,719971,5,719971
1,0,0,90,0,Aligned,0,16,Sphere_Top,Top,Cube_WhiteTop,Top,0,001823425,90,7,199963,-82,80005,82,80005,-4,719978,0,9999924,5,719971,5,719971
1,0,0,90,0,Aligned,0,17,Sphere_WhiteTop,Top,Cube_WhiteTop,Top,0,001033783,-90,7,199963,97,19997,97,19997,-4,719978,0,9999924,5,719971,5,719971
1,0,0,90,0,Aligned,0,18,Sphere_Top,Top,Cube_Top,Top,0,002388,-90,7,199963,97,19997,97,19997,-4,719978,0,9999924,5,719971,5,719971
1,0,0,90,0,Aligned,0,19,Sphere_Top,Top,Sphere_WhiteTop,Top,0,005199432,180,7,199963,-172,8,172,8,-4,719978,0,9999924,5,719971,5,719971
1,0,0,90,0,Aligned,0,20,Cube_WhiteTop,Top,Sphere_Top,Top,0,0004043579,-90,7,199963,97,19997,97,19997,-4,719978,0,9999924,5,719971,5,719971
1,0,0,90,0,Aligned,0,21,Cube_WhiteTop,Top,Sphere_WhiteTop,Top,0,0008811951,90,7,199963,-82,80005,82,80005,-4,719978,0,9999924,5,719971,5,719971
1,0,1,90,0,Aligned,0,1,Cube_WhiteTop,Top,Cube_Top,Top,2,781624,-180,9,599928,-170,4001,170,4001,-4,719986,-2,200302,2,519684,2,519684
1,0,1,90,0,Aligned,0,2,Sphere_WhiteTop,Top,Cube_Top,Top,0,002094269,90,9,599928,-80,40009,80,40009,-4,719986,-2,400337,2,319649,2,319649
1,0,1,90,0,Aligned,0,3,Cube_WhiteTop,Top,Sphere_Top,Top,0,006267548,-90,9,599928,99,59993,99,59993,-4,719986,-2,400337,2,319649,2,319649
1,0,1,90,0,Aligned,0,4,Cube_WhiteTop,Top,Sphere_WhiteTop,Top,0,0008811951,90,9,599928,-80,40009,80,40009,-4,719986,-2,400337,2,319649,2,319649
1,0,1,90,0,Aligned,0,5,Sphere_Top,Top,Cube_Top,Top,0,003437042,-90,9,599928,99,59993,99,59993,-4,719986,-2,400337,2,319649,2,319649
1,0,1,90,0,Aligned,0,6,Sphere_WhiteTop,Top,Cube_WhiteTop,Top,0,0001106262,-90,9,599928,99,59993,99,59993,-4,719986,-2,400337,2,319649,2,319649
1,0,1,90,0,Aligned,0,7,Sphere_Top,Top,Sphere_WhiteTop,Top,0,0003128052,-180,9,599928,-170,4001,170,4001,-4,719986,-2,400337,2,319649,2,319649
1,0,1,90,0,Aligned,0,8,Sphere_Top,Top,Cube_WhiteTop,Top,0,004718781,90,9,599928,-80,40009,80,40009,-4,719986,-2,400337,2,319649,2,319649
1,0,1,90,0,Aligned,0,9,Sphere_WhiteTop,Top,Sphere_Top,Top,0,003856659,180,9,599928,-170,4001,170,4001,-4,719986,-2,400337,2,319649,2,319649
12,0,0,90,0,Aligned,0,1,Cube_White,Bottom,Sphere_White,Bottom,1,195358,90,19,80004,-70,19995,70,19995,-5,328415,0,1996994,5,528114,5,528114
12,0,0,90,0,Aligned,0,2,Cube,Bottom,Cube_White,Bottom,0,001571655,180,19,80004,-160,2,160,2,-5,328415,0,1996994,5,528114,5,528114
12,0,0,90,0,Aligned,0,3,Sphere_White,Bottom,Cube_White,Bottom,0,001464844,-90,19,80004,109,8,109,8,-5,328415,0,1996994,5,528114,5,528114
12,0,0,90,0,Aligned,0,4,Sphere,Bottom,Cube_White,Bottom,0,004493713,90,19,80004,-70,19995,70,19995,-5,328415,0,1996994,5,528114,5,528114
12,0,0,90,0,Aligned,0,5,Cube_White,Bottom,Cube,Bottom,0,004302979,180,19,80004,-160,2,160,2,-5,328415,0,1996994,5,528114,5,528114
12,0,0,90,0,Aligned,0,6,Cube_White,Bottom,Sphere,Bottom,0,003570557,-90,19,80004,109,8,109,8,-5,328415,0,1996994,5,528114,5,528114
12,0,0,90,0,Aligned,0,7,Cube,Bottom,Sphere,Bottom,0,001853943,90,19,80004,-70,19995,70,19995,-5,328415,0,1996994,5,528114,5,528114
12,0,0,90,0,Aligned,0,8,Sphere,Bottom,Sphere_White,Bottom,0,00327301,180,19,80004,-160,2,160,2,-5,328415,0,1996994,5,528114,5,528114
12,0,0,90,0,Aligned,0,9,Sphere_White,Bottom,Cube,Bottom,0,0005340576,90,19,80004,-70,19995,70,19995,-5,328415,0,1996994,5,528114,5,528114
12,0,0,90,0,Aligned,0,10,Cube,Bottom,Sphere_White,Bottom,0,006233215,-90,19,80004,109,8,109,8,-5,328415,0,1996994,5,528114,5,528114
12,0,0,90,0,Aligned,0,11,Sphere,Bottom,Cube,Bottom,0,004333496,-90,30,59992,120,5999,120,5999,-5,328415,10,00004,15,32845,15,32845
12,0,0,90,0,Aligned,0,12,Sphere_White,Bottom,Sphere,Bottom,0,001083374,180,29,99993,-150,0001,150,0001,-5,328415,15,60027,20,92869,20,92869
12,0,0,90,0,Aligned,0,13,Cube_WhiteTop,Top,Cube_Top,Top,0,03282166,180,16,40008,-163,5999,163,5999,-4,719978,7,600227,12,32021,12,32021
12,0,0,90,0,Aligned,0,14,Sphere_WhiteTop,Top,Sphere_Top,Top,0,004364014,180,19,20007,-160,7999,160,7999,-4,719978,11,60031,16,32029,16,32029
12,0,0,90,0,Aligned,0,15,Sphere_Top,Top,Cube_WhiteTop,Top,0,006462097,90,-158,7999,111,2001,111,2001,-4,719978,-1,400276,3,319702,3,319702
14,0,1,90,0,Aligned,0,1,Cube_WhiteTop,Top,Sphere_WhiteTop,Top,2,026268,90,11,80003,-78,19998,78,19998,-4,719978,2,199913,6,919891,6,919891
14,0,1,90,0,Aligned,0,2,Sphere_Top,Top,Cube_Top,Top,0,0006637573,-90,11,80003,101,8,101,8,-4,719978,2,199913,6,919891,6,919891
14,0,1,90,0,Aligned,0,3,Sphere_WhiteTop,Top,Cube_WhiteTop,Top,0,0007095337,-90,11,80003,101,8,101,8,-4,719978,2,199913,6,919891,6,919891
14,0,1,90,0,Aligned,0,4,Sphere_WhiteTop,Top,Cube_Top,Top,0,006614685,90,11,80003,-78,19998,78,19998,-4,719978,2,199913,6,919891,6,919891
14,0,1,90,0,Aligned,0,5,Cube_WhiteTop,Top,Sphere_Top,Top,0,001708984,-90,11,80003,101,8,101,8,-4,719978,2,199913,6,919891,6,919891
14,0,1,90,0,Aligned,0,6,Cube_WhiteTop,Top,Cube_Top,Top,0,004318237,-180,11,80003,-168,2,168,2,-4,719978,2,199913,6,919891,6,919891
14,0,1,90,0,Aligned,0,7,Sphere_Top,Top,Sphere_WhiteTop,Top,0,004890442,-180,11,80003,-168,2,168,2,-4,719978,2,199913,6,919891,6,919891
14,0,1,90,0,Aligned,0,8,Sphere_WhiteTop,Top,Sphere_Top,Top,0,003639221,180,11,80003,-168,2,168,2,-4,719978,2,199913,6,919891,6,919891
14,0,1,90,0,Aligned,0,9,Sphere_Top,Top,Cube_WhiteTop,Top,0,0004119873,90,11,80003,-78,19998,78,19998,-4,719978,2,199913,6,919891,6,919891
14,0,1,90,0,Aligned,0,10,Sphere,Bottom,Sphere_White,Bottom,0,001419067,180,11,80003,-168,2,168,2,-5,328415,2,199898,7,528313,7,528313
14,0,1,90,0,Aligned,0,11,Cube,Bottom,Sphere,Bottom,0,004646301,90,11,80003,-78,19998,78,19998,-5,328415,2,199898,7,528313,7,528313
14,0,1,90,0,Aligned,0,12,Sphere_White,Bottom,Cube,Bottom,0,004798889,90,11,80003,-78,19998,78,19998,-5,328415,2,199898,7,528313,7,528313
14,0,1,90,0,Aligned,0,13,Cube,Bottom,Sphere_White,Bottom,0,002243042,-90,11,80003,101,8,101,8,-5,328415,2,199898,7,528313,7,528313
14,0,1,90,0,Aligned,0,14,Cube_White,Bottom,Sphere,Bottom,0,002922058,-90,11,80003,101,8,101,8,-5,328415,2,199898,7,528313,7,528313
14,0,1,90,0,Aligned,0,15,Sphere,Bottom,Cube_White,Bottom,0,005104065,90,11,80003,-78,19998,78,19998,-5,328415,2,199898,7,528313,7,528313
14,0,1,90,0,Aligned,0,16,Cube,Bottom,Cube_White,Bottom,0,003929138,180,11,80003,-168,2,168,2,-5,328415,2,199898,7,528313,7,528313
14,0,1,90,0,Aligned,0,17,Cube_White,Bottom,Sphere_White,Bottom,0,0002975464,90,11,80003,-78,19998,78,19998,-5,328415,2,199898,7,528313,7,528313
14,0,1,90,0,Aligned,0,18,Sphere,Bottom,Cube,Bottom,0,005111694,-90,11,80003,101,8,101,8,-5,328415,2,199898,7,528313,7,528313
14,0,1,90,0,Aligned,0,19,Cube_White,Bottom,Cube,Bottom,0,008277893,180,11,80003,-168,2,168,2,-5,328415,2,199898,7,528313,7,528313
14,0,1,90,0,Aligned,0,20,Sphere_White,Bottom,Cube_White,Bottom,0,009872437,-90,11,80003,101,8,101,8,-5,328415,2,199898,7,528313,7,528313
14,0,1,90,0,Aligned,0,21,Sphere_White,Bottom,Sphere,Bottom,0,00604248,180,11,80003,-168,2,168,2,-5,328415,2,199898,7,528313,7,528313
14,0,1,90,0,Semi_Aligned,0,22,Cube_WhiteTop,Top,Cube_White,Bottom,0,3895798,45,11,80003,-33,19998,33,19998,-44,38966,2,199913,46,58958,46,58958
14,0,1,90,0,Semi_Aligned,0,23,Sphere_WhiteTop,Top,Sphere,Bottom,0,00177002,-135,11,80003,146,8,146,8,-44,38966,2,199913,46,58958,46,58958
14,0,1,90,0,Semi_Aligned,0,24,Sphere_Top,Top,Sphere,Bottom,0,001457214,45,11,80003,-33,19998,33,19998,-44,38966,2,199913,46,58958,46,58958
14,0,1,90,0,Semi_Aligned,0,25,Cube_WhiteTop,Top,Sphere,Bottom,0,004577637,-45,11,80003,56,80003,56,80003,-44,38966,2,199913,46,58958,46,58958
14,0,1,90,0,Semi_Aligned,0,26,Sphere_Top,Top,Cube_White,Bottom,0,01004028,135,11,80003,-123,2,123,2,-44,38966,2,199913,46,58958,46,58958
14,0,1,90,0,Semi_Aligned,0,27,Cube_WhiteTop,Top,Sphere_White,Bottom,0,005760193,135,11,80003,-123,2,123,2,-44,38966,2,199913,46,58958,46,58958
14,0,1,90,0,Semi_Aligned,0,28,Sphere_WhiteTop,Top,Cube_White,Bottom,0,008491516,-45,11,80003,56,80003,56,80003,-44,38966,2,199913,46,58958,46,58958
14,0,1,90,0,Semi_Aligned,0,29,Sphere_Top,Top,Cube,Bottom,0,00151062,-45,11,80003,56,80003,56,80003,-44,38966,2,199913,46,58958,46,58958
14,0,1,90,0,Semi_Aligned,0,30,Cube_WhiteTop,Top,Cube,Bottom,0,001655579,-135,11,80003,146,8,146,8,-44,38966,2,199913,46,58958,46,58958
14,0,1,90,0,Semi_Aligned,0,31,Sphere_WhiteTop,Top,Sphere_White,Bottom,0,00125885,45,11,80003,-33,19998,33,19998,-44,38966,2,199913,46,58958,46,58958
14,0,1,90,0,Semi_Aligned,0,32,Sphere_Top,Top,Sphere_White,Bottom,0,006362915,-135,11,80003,146,8,146,8,-44,38966,2,199913,46,58958,46,58958
14,0,1,90,0,Semi_Aligned,0,33,Sphere_WhiteTop,Top,Cube,Bottom,0,007644653,135,11,80003,-123,2,123,2,-44,38966,2,199913,46,58958,46,58958
14,0,1,90,0,Semi_Aligned,0,34,Sphere_White,Bottom,Cube_Top,Top,6,83165,45,18,40001,-26,59998,26,59998,40,78489,9,200035,-31,58486,31,58486
14,0,1,90,0,Semi_Aligned,0,35,Sphere_White,Bottom,Sphere_WhiteTop,Top,0,001495361,-45,18,20001,63,20001,63,20001,40,78489,8,000023,-32,78487,32,78487
14,0,1,90,0,Semi_Aligned,0,36,Cube_White,Bottom,Sphere_Top,Top,0,006118774,-135,8,400014,143,4,143,4,40,78489,-4,600044,-45,38494,45,38494
14,0,1,90,0,Semi_Aligned,0,37,Cube,Bottom,Sphere_Top,Top,0,00718689,45,12,40001,-32,59998,32,59998,40,78489,-2,200058,-42,98495,42,98495
14,0,1,90,0,Semi_Aligned,0,38,Sphere,Bottom,Sphere_Top,Top,0,007095337,-45,7,799988,52,79999,52,79999,40,78489,-2,200058,-42,98495,42,98495
14,0,1,90,0,Semi_Aligned,0,39,Cube_White,Bottom,Cube_WhiteTop,Top,3,462112,-45,7,400008,52,40001,52,40001,40,78489,1,399902,-39,38499,39,38499
14,0,1,90,0,Semi_Aligned,0,40,Cube_White,Bottom,Cube_Top,Top,0,004882813,135,7,400008,-127,6,127,6,40,78489,1,399902,-39,38499,39,38499
14,0,1,90,0,Semi_Aligned,0,41,Cube_White,Bottom,Sphere_WhiteTop,Top,0,008712769,45,7,400008,-37,59998,37,59998,40,78489,1,399902,-39,38499,39,38499
14,0,1,90,0,Semi_Aligned,0,42,Sphere,Bottom,Sphere_WhiteTop,Top,0,001251221,135,7,400008,-127,6,127,6,40,78489,1,399902,-39,38499,39,38499
14,0,1,90,0,Semi_Aligned,0,43,Cube,Bottom,Sphere_WhiteTop,Top,0,004959106,-135,7,399981,142,4,142,4,40,78489,1,599922,-39,18497,39,18497
14,0,1,90,0,Semi_Aligned,0,44,Cube,Bottom,Cube_WhiteTop,Top,0,0004882813,135,7,600032,-127,4,127,4,40,78489,1,599922,-39,18497,39,18497
14,0,1,90,0,Semi_Aligned,0,45,Cube,Bottom,Cube_Top,Top,0,002990723,-45,7,600032,52,60003,52,60003,40,78489,1,599922,-39,18497,39,18497
14,0,1,90,0,Semi_Aligned,0,46,Sphere_White,Bottom,Sphere_Top,Top,0,002426147,135,7,600032,-127,4,127,4,40,78489,1,599922,-39,18497,39,18497
14,0,1,90,0,Semi_Aligned,0,47,Sphere,Bottom,Cube_WhiteTop,Top,0,00692749,45,7,600032,-37,39996,37,39996,40,78489,1,599922,-39,18497,39,18497
12,0,0,90,0,Aligned,0,1,Sphere,Bottom,Cube_White,Bottom,8,112043,90,18,99995,-71,00006,71,00006,-5,328415,2,400146,7,728561,7,728561
12,0,0,90,0,Aligned,0,2,Sphere_White,Bottom,Sphere,Bottom,0,002876282,180,18,99997,-161,161,-5,328415,2,200119,7,528534,7,528534
12,0,0,90,0,Aligned,0,3,Cube_White,Bottom,Sphere_White,Bottom,0,005083084,90,18,99997,-71,00003,71,00003,-5,328415,2,200119,7,528534,7,528534
12,0,0,90,0,Aligned,0,4,Cube,Bottom,Cube_White,Bottom,0,004676819,180,63,39996,-116,6,116,6,-5,328415,-7,199966,-1,871552,1,871552
12,0,0,90,0,Aligned,0,5,Sphere,Bottom,Sphere_White,Bottom,0,003076553,180,82,19994,-97,80005,97,80005,-5,328415,-9,000046,-3,671631,3,671631
12,0,0,90,0,Aligned,0,6,Cube,Bottom,Sphere_White,Bottom,0,003414154,-90,145,7999,-124,2001,124,2001,-5,328415,-9,599983,-4,271568,4,271568
12,0,0,90,0,Aligned,0,7,Cube,Bottom,Sphere,Bottom,0,004486084,90,-132,2002,137,7998,137,7998,-5,328415,4,200409,9,528824,9,528824
12,0,0,90,0,Aligned,0,8,Cube_White,Bottom,Sphere,Bottom,0,001583099,-90,-151,8002,-61,80023,61,80023,-5,328415,-2,199753,3,128662,3,128662
12,0,0,90,0,Aligned,0,9,Sphere,Bottom,Cube,Bottom,22,69099,-90,-100,8003,-10,80026,10,80026,-5,328415,1,20015,6,528564,6,528564
12,0,0,90,0,Aligned,0,10,Cube_White,Bottom,Cube,Bottom,30,48556,180,176,4,-3,599976,3,599976,-5,328415,-34,40011,-29,07169,29,07169
55,0,0,90,0,Aligned,0,1,dumbbell,Bottom,plant,Bottom,2,546165,-89,80482,114,3997,-155,7955,155,7955,-1,301277,-5,999748,-4,698471,4,698471
55,0,0,90,0,Aligned,0,2,plant,Bottom,soccerball,Bottom,0,006439209,-90,1782,64,39965,154,5779,154,5779,1,563461,0,6002502,-0,9632111,0,9632111
55,0,0,90,0,Aligned,0,3,plant,Bottom,dumbbell,Bottom,0,004234314,89,80482,128,7995,38,99469,38,99469,0,6824875,9,000252,8,317764,8,317764
55,0,0,90,0,Aligned,0,4,lamp,Bottom,soccerball,Bottom,0,006355286,90,71,39927,-18,60074,18,60074,1,563461,5,200264,3,636803,3,636803
55,0,0,90,0,Aligned,0,5,dumbbell,Bottom,soccerball,Bottom,0,0008850098,-180,97,99921,-82,00079,82,00079,1,563461,-5,799744,-7,363205,7,363205
55,0,0,90,0,Aligned,0,6,dumbbell,Bottom,lamp,Bottom,3,415398,90,01698,100,3992,10,38219,10,38219,-1,322556,-3,599747,-2,277191,2,277191
55,0,0,90,0,Aligned,0,7,lamp,Bottom,plant,Bottom,0,002059937,-179,8209,100,3992,-79,77997,79,77997,-1,301277,-3,799744,-2,498466,2,498466
55,0,0,90,0,Aligned,0,8,plant,Bottom,lamp,Bottom,0,004005432,179,8209,102,1992,-77,6217,77,6217,-1,322556,-3,799744,-2,477188,2,477188
55,0,0,90,0,Aligned,0,9,soccerball,Bottom,lamp,Bottom,0,001739502,-90,102,1992,-167,8008,167,8008,-1,322556,-3,799744,-2,477188,2,477188
55,0,0,90,0,Aligned,0,10,soccerball,Bottom,plant,Bottom,0,00566864,90,1782,102,1992,12,02095,12,02095,-1,301277,-3,799744,-2,498466,2,498466
55,0,0,90,0,Aligned,0,11,lamp,Bottom,dumbbell,Bottom,0,00151825,-90,01698,102,1992,-167,7839,167,7839,0,6824875,-3,799744,-4,482231,4,482231
55,0,0,90,0,Aligned,0,12,soccerball,Bottom,dumbbell,Bottom,0,004837036,180,102,1992,-77,80084,77,80084,0,6824875,-3,799744,-4,482231,4,482231
55,0,0,90,0,Aligned,0,13,apple,Top,drink bottle,Top,2,045944,-89,88862,100,7992,-169,3122,169,3122,-1,649231,-3,599747,-1,950516,1,950516
55,0,0,90,0,Aligned,0,14,fan,Top,book,Top,0,00403595,90,01291,106,9992,16,98634,16,98634,-1,541092,-5,199715,-3,658623,3,658623
55,0,0,90,0,Aligned,0,15,book,Top,drink bottle,Top,0,006034851,89,98708,104,5991,14,612,14,612,-1,649231,-4,799751,-3,15052,3,15052
55,0,0,90,0,Aligned,0,16,book,Top,apple,Top,0,001365662,179,8765,104,7991,-75,07736,75,07736,-1,770676,-4,799751,-3,029076,3,029076
55,0,0,90,0,Aligned,0,17,apple,Top,book,Top,0,002586365,-179,8765,104,7991,-75,32443,75,32443,-1,541092,-4,799751,-3,258659,3,258659
55,0,0,90,0,Aligned,0,18,fan,Top,drink bottle,Top,0,003868103,180,104,7991,-75,2009,75,2009,-1,649231,-4,799751,-3,15052,3,15052
55,0,0,90,0,Aligned,0,19,book,Top,fan,Top,0,0001602173,-90,01291,104,7991,-165,188,165,188,-1,57457,-4,799751,-3,225182,3,225182
55,0,0,90,0,Aligned,0,20,apple,Top,fan,Top,0,003112793,90,1114,104,7991,14,6877,14,6877,-1,57457,-4,799751,-3,225182,3,225182
55,0,0,90,0,Aligned,0,21,fan,Top,apple,Top,0,004470825,-90,1114,104,7991,-165,0895,165,0895,-1,770676,-4,799751,-3,029076,3,029076
55,0,0,90,0,Semi_Aligned,0,22,dumbbell,Bottom,book,Top,0,2391815,45,02991,104,7991,59,76919,59,76919,42,56151,-4,799751,-47,36126,47,36126
55,0,0,90,0,Semi_Aligned,0,23,dumbbell,Bottom,fan,Top,0,003868103,-44,98301,104,7991,149,7821,149,7821,42,5633,-4,799751,-47,36305,47,36305
55,0,0,90,0,Semi_Aligned,0,24,soccerball,Bottom,fan,Top,0,003334045,135,104,7991,-30,20093,30,20093,42,5633,-4,799751,-47,36305,47,36305
55,0,0,90,0,Semi_Aligned,0,25,lamp,Bottom,book,Top,0,002868652,-44,98709,104,7991,149,7862,149,7862,42,56151,-4,799751,-47,36126,47,36126
55,0,0,90,0,Semi_Aligned,0,26,lamp,Bottom,apple,Top,0,002449036,134,8886,104,7991,-30,08951,30,08951,42,48278,-4,799751,-47,28253,47,28253
55,0,0,90,0,Semi_Aligned,0,27,soccerball,Bottom,book,Top,0,002319336,-134,9871,104,7991,-120,2138,120,2138,42,56151,-4,799751,-47,36126,47,36126
55,0,0,90,0,Semi_Aligned,0,28,soccerball,Bottom,drink bottle,Top,0,001693726,-45,104,7991,149,7991,149,7991,42,50496,-4,799751,-47,30471,47,30471
55,0,0,90,0,Semi_Aligned,0,29,dumbbell,Bottom,apple,Top,0,001159668,-135,0944,104,7991,-120,1065,120,1065,42,48278,-4,799751,-47,28253,47,28253
55,0,0,90,0,Semi_Aligned,0,30,lamp,Bottom,fan,Top,0,001731873,-135,104,7991,-120,2009,120,2009,42,5633,-4,799751,-47,36305,47,36305
55,0,0,90,0,Semi_Aligned,0,31,soccerball,Bottom,apple,Top,0,005378723,44,88862,104,7991,59,91048,59,91048,42,48278,-4,799751,-47,28253,47,28253
55,0,0,90,0,Semi_Aligned,0,32,lamp,Bottom,drink bottle,Top,0,0003051758,45,104,7991,59,7991,59,7991,42,50496,-4,799751,-47,30471,47,30471
55,0,0,90,0,Semi_Aligned,0,33,plant,Bottom,drink bottle,Top,0,0005111694,-135,1782,104,7991,-120,0227,120,0227,42,50496,-4,799751,-47,30471,47,30471
55,0,0,90,0,Semi_Aligned,0,34,plant,Bottom,fan,Top,0,001419067,44,82182,104,7991,59,97727,59,97727,42,5633,-4,799751,-47,36305,47,36305
55,0,0,90,0,Semi_Aligned,0,35,plant,Bottom,book,Top,0,003814697,134,8347,104,7991,-30,03564,30,03564,42,56151,-4,799751,-47,36126,47,36126
55,0,0,90,0,Semi_Aligned,0,36,dumbbell,Bottom,drink bottle,Top,0,004272461,135,017,104,7991,-30,2179,30,2179,42,50496,-4,799751,-47,30471,47,30471
55,0,0,90,0,Semi_Aligned,0,37,plant,Bottom,apple,Top,0,0001678467,-45,28958,104,7991,150,0887,150,0887,42,48278,-4,799751,-47,28253,47,28253
55,0,0,90,0,Semi_Aligned,0,38,fan,Top,soccerball,Bottom,0,42836,-135,104,7991,-120,2009,120,2009,-40,64137,-4,799751,35,84162,35,84162
55,0,0,90,0,Semi_Aligned,0,39,book,Top,lamp,Bottom,0,006820679,44,98709,104,7991,59,81201,59,81201,-42,26262,-4,799751,37,46287,37,46287
55,0,0,90,0,Semi_Aligned,0,40,apple,Top,dumbbell,Bottom,0,006347656,135,0944,104,7991,-30,29529,30,29529,-41,13905,-4,799751,36,3393,36,3393
55,0,0,90,0,Semi_Aligned,0,41,fan,Top,lamp,Bottom,0,0007019043,135,104,7991,-30,2009,30,2009,-42,26262,-4,799751,37,46287,37,46287
55,0,0,90,0,Semi_Aligned,0,42,book,Top,soccerball,Bottom,0,0006713867,134,9871,104,7991,-30,18799,30,18799,-40,64137,-4,799751,35,84162,35,84162
55,0,0,90,0,Semi_Aligned,0,43,book,Top,plant,Bottom,0,0005187988,-134,8347,104,7991,-120,3662,120,3662,-42,22894,-4,799751,37,42919,37,42919
55,0,0,90,0,Semi_Aligned,0,44,apple,Top,plant,Bottom,0,004333496,45,28958,104,7991,59,50952,59,50952,-42,22894,-4,799751,37,42919,37,42919
55,0,0,90,0,Semi_Aligned,0,45,fan,Top,dumbbell,Bottom,0,007156372,44,98301,104,7991,59,81609,59,81609,-41,13905,-4,799751,36,3393,36,3393
55,0,0,90,0,Semi_Aligned,0,46,apple,Top,lamp,Bottom,0,005737305,-134,8886,104,7991,-120,3123,120,3123,-42,26262,-4,799751,37,46287,37,46287
55,0,0,90,0,Semi_Aligned,0,47,apple,Top,soccerball,Bottom,0,002593994,-44,88862,104,7991,149,6877,149,6877,-40,64137,-4,799751,35,84162,35,84162
55,0,0,90,0,Semi_Aligned,0,48,book,Top,dumbbell,Bottom,0,005737305,-45,02991,104,7991,149,829,149,829,-41,13905,-4,799751,36,3393,36,3393
55,0,0,90,0,Semi_Aligned,0,49,fan,Top,plant,Bottom,0,009170532,-44,82182,104,7991,149,6209,149,6209,-42,22894,-4,799751,37,42919,37,42919
55,0,0,90,0,Semi_Misaligned,0,50,fan,Top,plant,Bottom,6,150879,-44,82182,110,7991,155,6209,155,6209,-1,301277,-0,2000046,1,101273,1,101273
55,0,0,90,0,Semi_Misaligned,0,51,apple,Top,plant,Bottom,5,302002,45,28958,110,5991,65,30951,65,30951,-1,301277,-0,2000046,1,101273,1,101273
55,0,0,90,0,Semi_Misaligned,0,52,fan,Top,dumbbell,Bottom,0,001434326,44,98301,110,5991,65,61609,65,61609,0,6824875,-0,2000046,-0,8824921,0,8824921
55,0,0,90,0,Semi_Misaligned,0,53,apple,Top,lamp,Bottom,0,005752563,-134,8886,110,5991,-114,5123,114,5123,-1,322556,-0,2000046,1,122551,1,122551
55,0,0,90,0,Semi_Misaligned,0,54,book,Top,lamp,Bottom,0,005752563,44,98709,110,5991,65,612,65,612,-1,322556,-0,2000046,1,122551,1,122551
55,0,0,90,0,Semi_Misaligned,0,55,book,Top,plant,Bottom,0,005065918,-134,8347,110,5991,-114,5662,114,5662,-1,301277,-0,2000046,1,101273,1,101273
55,0,0,90,0,Semi_Misaligned,0,56,book,Top,dumbbell,Bottom,0,002456665,-45,02991,110,5991,155,629,155,629,0,6824875,-0,2000046,-0,8824921,0,8824921
55,0,0,90,0,Semi_Misaligned,0,57,apple,Top,soccerball,Bottom,0,003616333,-44,88862,110,7991,155,6877,155,6877,1,563461,-0,2000046,-1,763466,1,763466
55,0,0,90,0,Semi_Misaligned,0,58,fan,Top,soccerball,Bottom,0,005630493,-135,110,7991,-114,2009,114,2009,1,563461,-0,2000046,-1,763466,1,763466
55,0,0,90,0,Semi_Misaligned,0,59,apple,Top,dumbbell,Bottom,0,00567627,135,0944,110,7991,-24,29529,24,29529,0,6824875,-0,2000046,-0,8824921,0,8824921
55,0,0,90,0,Semi_Misaligned,0,60,fan,Top,lamp,Bottom,1,073563,135,110,7991,-24,20087,24,20087,-1,322556,-0,2000046,1,122551,1,122551
55,0,0,90,0,Semi_Misaligned,0,61,book,Top,soccerball,Bottom,0,002639771,134,9871,130,9991,-3,987946,3,987946,1,563461,-20,20002,-21,76348,21,76348
69,0,0,90,0,Aligned,0,1,soccerball,Bottom,dumbbell,Bottom,2,654448,180,95,19998,-84,80002,84,80002,0,6824875,-1,000008,-1,682495,1,682495
69,0,0,90,0,Aligned,0,2,soccerball,Bottom,lamp,Bottom,0,002414703,-90,94,99999,-175,175,-1,322556,-1,000008,0,3225479,0,3225479
69,0,0,90,0,Aligned,0,3,lamp,Bottom,soccerball,Bottom,0,001083374,90,95,99998,5,999977,5,999977,1,563461,-0,8000031,-2,363464,2,363464
69,0,0,90,0,Aligned,0,4,plant,Bottom,soccerball,Bottom,0,006916046,-90,1782,95,99998,-173,8218,173,8218,1,563461,-0,8000031,-2,363464,2,363464
69,0,0,90,0,Aligned,0,5,dumbbell,Bottom,soccerball,Bottom,0,003858566,-180,95,99998,-84,00003,84,00003,1,563461,-0,8000031,-2,363464,2,363464
69,0,0,90,0,Aligned,0,6,dumbbell,Bottom,lamp,Bottom,0,005626678,90,01698,95,99998,5,982994,5,982994,-1,322556,-0,8000031,0,5225525,0,5225525
69,0,0,90,0,Aligned,0,7,lamp,Bottom,dumbbell,Bottom,0,005832672,-90,01698,95,99998,-173,983,173,983,0,6824875,-0,8000031,-1,482491,1,482491
69,0,0,90,0,Aligned,0,8,plant,Bottom,dumbbell,Bottom,0,001499176,89,80482,95,99998,6,195152,6,195152,0,6824875,-0,8000031,-1,482491,1,482491
69,0,0,90,0,Aligned,0,9,plant,Bottom,lamp,Bottom,0,003797531,179,8209,95,99998,-83,82089,83,82089,-1,322556,-0,8000031,0,5225525,0,5225525
69,0,0,90,0,Aligned,0,10,soccerball,Bottom,plant,Bottom,0,005083084,90,1782,95,99998,5,821777,5,821777,-1,301277,-0,8000031,0,5012741,0,5012741
69,0,0,90,0,Aligned,0,11,lamp,Bottom,plant,Bottom,0,7696228,-179,8209,95,99998,-84,17917,84,17917,-1,301277,-0,8000031,0,5012741,0,5012741
69,0,0,90,0,Aligned,0,12,dumbbell,Bottom,plant,Bottom,0,002784729,-89,80482,95,99998,-174,1952,174,1952,-1,301277,-0,8000031,0,5012741,0,5012741
69,0,0,90,0,Aligned,0,13,apple,Top,book,Top,0,361824,-179,8765,95,99998,-84,12357,84,12357,-1,541092,-0,7999725,0,7411194,0,7411194
69,0,0,90,0,Aligned,0,14,book,Top,drink bottle,Top,0,0001335144,89,98708,95,99998,6,012894,6,012894,-1,649231,-0,7999725,0,8492584,0,8492584
69,0,0,90,0,Aligned,0,15,fan,Top,drink bottle,Top,0,005897522,180,95,99998,-84,00003,84,00003,-1,649231,-0,7999725,0,8492584,0,8492584
69,0,0,90,0,Aligned,0,16,fan,Top,book,Top,0,0007743835,90,01291,95,99998,5,987068,5,987068,-1,541092,-0,7999725,0,7411194,0,7411194
69,0,0,90,0,Aligned,0,17,book,Top,apple,Top,0,005428314,179,8765,95,99998,-83,8765,83,8765,-1,770676,-0,7999725,0,9707031,0,9707031
69,0,0,90,0,Aligned,0,18,book,Top,fan,Top,0,001384735,-90,01291,95,99998,-173,9871,173,9871,-1,57457,-0,7999725,0,7745972,0,7745972
69,0,0,90,0,Aligned,0,19,apple,Top,drink bottle,Top,0,004631042,-89,88862,95,99998,-174,1114,174,1114,-1,649231,-0,7999725,0,8492584,0,8492584
69,0,0,90,0,Aligned,0,20,fan,Top,apple,Top,0,008705139,-90,1114,95,99998,-173,8886,173,8886,-1,770676,-0,7999725,0,9707031,0,9707031
69,0,0,90,0,Aligned,0,21,apple,Top,fan,Top,0,003501892,90,1114,95,99998,5,88858,5,88858,-1,57457,-0,7999725,0,7745972,0,7745972
69,0,0,90,0,Semi_Aligned,0,22,lamp,Bottom,apple,Top,1,330696,134,8886,95,99998,-38,88864,38,88864,42,48278,-0,8000031,-43,28278,43,28278
69,0,0,90,0,Semi_Aligned,0,23,plant,Bottom,book,Top,0,00428009,134,8347,95,99998,-38,83475,38,83475,42,56151,-0,8000031,-43,36151,43,36151
69,0,0,90,0,Semi_Aligned,0,24,soccerball,Bottom,fan,Top,0,0004692078,135,95,99998,-39,00003,39,00003,42,5633,-0,8000031,-43,3633,43,3633
69,0,0,90,0,Semi_Aligned,0,25,dumbbell,Bottom,fan,Top,0,003700256,-44,98301,95,99998,140,983,140,983,42,5633,-0,8000031,-43,3633,43,3633
69,0,0,90,0,Semi_Aligned,0,26,soccerball,Bottom,book,Top,0,006065369,-134,9871,95,99998,-129,0129,129,0129,42,56151,-0,8000031,-43,36151,43,36151
69,0,0,90,0,Semi_Aligned,0,27,soccerball,Bottom,apple,Top,0,005187988,44,88862,95,99998,51,11136,51,11136,42,48278,-0,8000031,-43,28278,43,28278
69,0,0,90,0,Semi_Aligned,0,28,plant,Bottom,apple,Top,0,008724213,-45,28958,95,99998,141,2896,141,2896,42,48278,-0,8000031,-43,28278,43,28278
69,0,0,90,0,Semi_Aligned,0,29,dumbbell,Bottom,apple,Top,0,00435257,-135,0944,95,99998,-128,9056,128,9056,42,48278,-0,8000031,-43,28278,43,28278
69,0,0,90,0,Semi_Aligned,0,30,dumbbell,Bottom,book,Top,0,003330231,45,02991,95,99998,50,97007,50,97007,42,56151,-0,8000031,-43,36151,43,36151
69,0,0,90,0,Semi_Aligned,0,31,lamp,Bottom,drink bottle,Top,0,006134033,45,95,99998,50,99998,50,99998,42,50496,-0,8000031,-43,30496,43,30496
69,0,0,90,0,Semi_Aligned,0,32,lamp,Bottom,book,Top,0,006710052,-44,98709,95,99998,140,9871,140,9871,42,56151,-0,8000031,-43,36151,43,36151
69,0,0,90,0,Semi_Aligned,0,33,soccerball,Bottom,drink bottle,Top,0,0001220703,-45,95,99998,141,141,42,50496,-0,8000031,-43,30496,43,30496
69,0,0,90,0,Semi_Aligned,0,34,plant,Bottom,fan,Top,0,005241394,44,82182,95,99998,51,17815,51,17815,42,5633,-0,8000031,-43,3633,43,3633
69,0,0,90,0,Semi_Aligned,0,35,plant,Bottom,drink bottle,Top,0,004096985,-135,1782,95,99998,-128,8218,128,8218,42,50496,-0,8000031,-43,30496,43,30496
69,0,0,90,0,Semi_Aligned,0,36,lamp,Bottom,fan,Top,0,05812073,-135,95,99998,-129,129,42,5633,-0,8000031,-43,3633,43,3633
69,0,0,90,0,Semi_Aligned,0,37,dumbbell,Bottom,drink bottle,Top,0,004341125,135,017,95,99998,-39,017,39,017,42,50496,-0,8000031,-43,30496,43,30496
69,0,0,90,0,Semi_Aligned,0,38,apple,Top,soccerball,Bottom,0,2004547,-44,88862,95,99998,140,8886,140,8886,-40,64137,-0,7999725,39,8414,39,8414
69,0,0,90,0,Semi_Aligned,0,39,fan,Top,plant,Bottom,0,006393433,-44,82182,95,99998,140,8218,140,8218,-42,22894,-0,7999725,41,42897,41,42897
69,0,0,90,0,Semi_Aligned,0,40,book,Top,dumbbell,Bottom,0,001716614,-45,02991,95,99998,141,0299,141,0299,-41,13905,-0,7999725,40,33908,40,33908
69,0,0,90,0,Semi_Aligned,0,41,fan,Top,lamp,Bottom,0,0051651,135,95,99998,-39,39,-42,26262,-0,7999725,41,46265,41,46265
69,0,0,90,0,Semi_Aligned,0,42,book,Top,soccerball,Bottom,0,002883911,134,9871,95,99998,-38,98709,38,98709,-40,64137,-0,7999725,39,8414,39,8414
69,0,0,90,0,Semi_Aligned,0,43,fan,Top,soccerball,Bottom,0,006217957,-135,95,99998,-129,129,-40,64137,-0,7999725,39,8414,39,8414
69,0,0,90,0,Semi_Aligned,0,44,book,Top,plant,Bottom,0,005195618,-134,8347,95,99998,-129,1653,129,1653,-42,22894,-0,7999725,41,42897,41,42897
69,0,0,90,0,Semi_Aligned,0,45,book,Top,lamp,Bottom,0,005172729,44,98709,95,99998,51,01289,51,01289,-42,26262,-0,7999725,41,46265,41,46265
69,0,0,90,0,Semi_Aligned,0,46,fan,Top,dumbbell,Bottom,0,005187988,44,98301,95,99998,51,01697,51,01697,-41,13905,-0,7999725,40,33908,40,33908
69,0,0,90,0,Semi_Aligned,0,47,apple,Top,lamp,Bottom,0,006111145,-134,8886,95,99998,-129,1114,129,1114,-42,26262,-0,7999725,41,46265,41,46265
69,0,0,90,0,Semi_Aligned,0,48,apple,Top,plant,Bottom,0,002830505,45,28958,95,99998,50,7104,50,7104,-42,22894,-0,7999725,41,42897,41,42897
69,0,0,90,0,Semi_Aligned,0,49,apple,Top,dumbbell,Bottom,0,002952576,135,0944,95,99998,-39,09442,39,09442,-41,13905,-0,7999725,40,33908,40,33908
69,0,0,90,0,Semi_Misaligned,0,50,fan,Top,soccerball,Bottom,1,505608,-135,96,00004,-128,9999,128,9999,1,563461,-6,000008,-7,563469,7,563469
44,0,0,90,0,Aligned,0,1,lamp,Bottom,dumbbell,Bottom,12,32088,-90,01698,104,3999,-165,5831,165,5831,0,6824875,4,199898,3,51741,3,51741
44,0,0,90,0,Aligned,0,2,soccerball,Bottom,dumbbell,Bottom,0,005023956,180,104,3999,-75,60013,75,60013,0,6824875,4,199898,3,51741,3,51741
44,0,0,90,0,Aligned,0,3,plant,Bottom,dumbbell,Bottom,0,008018494,89,80482,104,3999,14,59505,14,59505,0,6824875,4,199898,3,51741,3,51741
44,0,0,90,0,Aligned,0,4,dumbbell,Bottom,lamp,Bottom,0,004329681,90,01698,104,3999,14,3829,14,3829,-1,322556,4,199898,5,522453,5,522453
44,0,0,90,0,Aligned,0,5,lamp,Bottom,soccerball,Bottom,0,005363464,90,104,3999,14,39988,14,39988,1,563461,4,199898,2,636436,2,636436
44,0,0,90,0,Aligned,0,6,plant,Bottom,soccerball,Bottom,0,004371643,-90,1782,104,3999,-165,4219,165,4219,1,563461,4,199898,2,636436,2,636436
44,0,0,90,0,Aligned,0,7,soccerball,Bottom,lamp,Bottom,0,00535202,-90,104,3999,-165,6001,165,6001,-1,322556,4,199898,5,522453,5,522453
44,0,0,90,0,Aligned,0,8,soccerball,Bottom,plant,Bottom,0,00182724,90,1782,104,3999,14,22168,14,22168,-1,301277,4,199898,5,501175,5,501175
44,0,0,90,0,Aligned,0,9,plant,Bottom,lamp,Bottom,1,144409E-05,179,8209,104,3999,-75,42099,75,42099,-1,322556,4,199898,5,522453,5,522453
44,0,0,90,0,Aligned,0,10,lamp,Bottom,plant,Bottom,0,001972198,-179,8209,104,3999,-75,77927,75,77927,-1,301277,4,199898,5,501175,5,501175
44,0,0,90,0,Aligned,0,11,dumbbell,Bottom,soccerball,Bottom,0,005386353,-180,104,3999,-75,60013,75,60013,1,563461,4,199898,2,636436,2,636436
44,0,0,90,0,Aligned,0,12,dumbbell,Bottom,plant,Bottom,0,0009307861,-89,80482,104,3999,-165,7953,165,7953,-1,301277,4,199898,5,501175,5,501175
44,0,0,90,0,Aligned,0,13,apple,Top,fan,Top,0,5165329,90,1114,106,5999,16,48854,16,48854,-1,57457,-1,80024,-0,2256699,0,2256699
44,0,0,90,0,Aligned,0,14,apple,Top,book,Top,0,0004119873,-179,8765,113,9998,-66,12372,66,12372,-1,541092,13,60003,15,14112,15,14112
44,0,0,90,0,Aligned,0,15,fan,Top,apple,Top,0,002944946,-90,1114,105,9999,-163,8887,163,8887,-1,770676,3,199722,4,970398,4,970398
44,0,0,90,0,Aligned,0,16,book,Top,apple,Top,0,004226685,179,8765,105,9999,-73,87653,73,87653,-1,770676,3,199722,4,970398,4,970398
44,0,0,90,0,Aligned,0,17,fan,Top,book,Top,0,005249023,90,01291,105,9999,15,98702,15,98702,-1,541092,2,99971,4,540802,4,540802
44,0,0,90,0,Aligned,0,18,book,Top,drink bottle,Top,0,0008010864,89,98708,105,9999,16,01285,16,01285,-1,649231,2,99971,4,648941,4,648941
44,0,0,90,0,Aligned,0,19,apple,Top,drink bottle,Top,0,001419067,-89,88862,105,9999,-164,1115,164,1115,-1,649231,2,99971,4,648941,4,648941
44,0,0,90,0,Aligned,0,20,fan,Top,drink bottle,Top,0,007125854,180,105,9999,-74,00006,74,00006,-1,649231,2,99971,4,648941,4,648941
44,0,0,90,0,Aligned,0,21,book,Top,fan,Top,0,002204895,-90,01291,105,9999,-163,9872,163,9872,-1,57457,2,99971,4,57428,4,57428
44,0,0,90,0,Semi_Aligned,0,22,plant,Bottom,apple,Top,0,7605209,-45,28958,105,9999,151,2895,151,2895,42,48278,2,999702,-39,48307,39,48307
44,0,0,90,0,Semi_Aligned,0,23,soccerball,Bottom,fan,Top,0,002494812,135,105,9999,-29,00009,29,00009,42,5633,2,999702,-39,5636,39,5636
44,0,0,90,0,Semi_Aligned,0,24,lamp,Bottom,book,Top,0,004966736,-44,98709,105,9999,150,987,150,987,42,56151,2,999702,-39,56181,39,56181
44,0,0,90,0,Semi_Aligned,0,25,dumbbell,Bottom,fan,Top,0,001358032,-44,98301,105,9999,150,9829,150,9829,42,5633,2,999702,-39,5636,39,5636
44,0,0,90,0,Semi_Aligned,0,26,dumbbell,Bottom,book,Top,0,0004653931,45,02991,105,9999,60,97002,60,97002,42,56151,2,999702,-39,56181,39,56181
44,0,0,90,0,Semi_Aligned,0,27,plant,Bottom,fan,Top,0,004142761,44,82182,105,9999,61,17811,61,17811,42,5633,2,999702,-39,5636,39,5636
44,0,0,90,0,Semi_Aligned,0,28,soccerball,Bottom,drink bottle,Top,0,001708984,-45,105,9999,150,9999,150,9999,42,50496,2,999702,-39,50526,39,50526
44,0,0,90,0,Semi_Aligned,0,29,lamp,Bottom,fan,Top,0,003303528,-135,105,9999,-119,0001,119,0001,42,5633,2,999702,-39,5636,39,5636
44,0,0,90,0,Semi_Aligned,0,30,lamp,Bottom,apple,Top,0,002685547,134,8886,105,9999,-28,88867,28,88867,42,48278,2,999702,-39,48307,39,48307
44,0,0,90,0,Semi_Aligned,0,31,plant,Bottom,book,Top,0,0004196167,134,8347,105,9999,-28,83481,28,83481,42,56151,2,999702,-39,56181,39,56181
44,0,0,90,0,Semi_Aligned,0,32,plant,Bottom,drink bottle,Top,0,005996704,-135,1782,105,9999,-118,8219,118,8219,42,50496,2,999702,-39,50526,39,50526
44,0,0,90,0,Semi_Aligned,0,33,soccerball,Bottom,apple,Top,0,003997803,44,88862,105,9999,61,11131,61,11131,42,48278,2,999702,-39,48307,39,48307
44,0,0,90,0,Semi_Aligned,0,34,dumbbell,Bottom,drink bottle,Top,0,006225586,135,017,105,9999,-29,01706,29,01706,42,50496,2,999702,-39,50526,39,50526
44,0,0,90,0,Semi_Aligned,0,35,lamp,Bottom,drink bottle,Top,0,00113678,45,105,9999,60,99993,60,99993,42,50496,2,999702,-39,50526,39,50526
44,0,0,90,0,Semi_Aligned,0,36,soccerball,Bottom,book,Top,0,006217957,-134,9871,105,9999,-119,013,119,013,42,56151,2,999702,-39,56181,39,56181
44,0,0,90,0,Semi_Aligned,0,37,dumbbell,Bottom,apple,Top,0,0002288818,-135,0944,105,9999,-118,9057,118,9057,42,48278,2,999702,-39,48307,39,48307
44,0,0,90,0,Semi_Aligned,0,38,apple,Top,lamp,Bottom,0,3054886,-134,8886,105,9999,-119,1115,119,1115,-42,26262,2,99971,45,26233,45,26233
44,0,0,90,0,Semi_Aligned,0,39,fan,Top,dumbbell,Bottom,0,000328064,44,98301,105,9999,61,01693,61,01693,-41,13905,2,99971,44,13876,44,13876
44,0,0,90,0,Semi_Aligned,0,40,apple,Top,plant,Bottom,0,004753113,45,28958,105,9999,60,71035,60,71035,-42,22894,2,99971,45,22865,45,22865
44,0,0,90,0,Semi_Aligned,0,41,book,Top,dumbbell,Bottom,0,004478455,-45,02991,105,9999,151,0298,151,0298,-41,13905,2,99971,44,13876,44,13876
44,0,0,90,0,Semi_Aligned,0,42,apple,Top,soccerball,Bottom,0,004005432,-44,88862,105,9999,150,8885,150,8885,-40,64137,2,99971,43,64108,43,64108
44,0,0,90,0,Semi_Aligned,0,43,fan,Top,lamp,Bottom,0,003318787,135,105,9999,-29,00006,29,00006,-42,26262,2,99971,45,26233,45,26233
44,0,0,90,0,Semi_Aligned,0,44,book,Top,lamp,Bottom,0,006355286,44,98709,105,9999,61,01284,61,01284,-42,26262,2,99971,45,26233,45,26233
44,0,0,90,0,Semi_Aligned,0,45,book,Top,plant,Bottom,0,000831604,-134,8347,105,9999,-119,1653,119,1653,-42,22894,2,99971,45,22865,45,22865
44,0,0,90,0,Semi_Aligned,0,46,apple,Top,dumbbell,Bottom,0,006134033,135,0944,105,9999,-29,09445,29,09445,-41,13905,2,99971,44,13876,44,13876
44,0,0,90,0,Semi_Aligned,0,47,book,Top,soccerball,Bottom,0,0004806519,134,9871,105,9999,-28,98715,28,98715,-40,64137,2,99971,43,64108,43,64108
44,0,0,90,0,Semi_Aligned,0,48,fan,Top,plant,Bottom,0,005462646,-44,82182,105,9999,150,8217,150,8217,-42,22894,2,99971,45,22865,45,22865
44,0,0,90,0,Semi_Aligned,0,49,fan,Top,soccerball,Bottom,0,003387451,-135,105,9999,-119,0001,119,0001,-40,64137,2,99971,43,64108,43,64108
44,0,0,90,0,Semi_Misaligned,0,50,fan,Top,soccerball,Bottom,5,076279,-135,108,7998,-116,2002,116,2002,1,563461,0,9992142,-0,5642471,0,5642471
44,0,0,90,0,Semi_Misaligned,0,51,book,Top,dumbbell,Bottom,0,006225586,-45,02991,106,7999,151,8298,151,8298,0,6824875,-1,000786,-1,683273,1,683273
44,0,0,90,0,Semi_Misaligned,0,52,apple,Top,dumbbell,Bottom,0,00112915,135,0944,106,7999,-28,29453,28,29453,0,6824875,-1,000786,-1,683273,1,683273
44,0,0,90,0,Semi_Misaligned,0,53,book,Top,soccerball,Bottom,0,005996704,134,9871,106,7999,-28,18719,28,18719,1,563461,-1,000786,-2,564247,2,564247
44,0,0,90,0,Semi_Misaligned,0,54,fan,Top,lamp,Bottom,0,006698608,135,106,7999,-28,20013,28,20013,-1,322556,-1,000786,0,3217697,0,3217697
44,0,0,90,0,Semi_Misaligned,0,55,book,Top,plant,Bottom,0,001327515,-134,8347,94,3999,-130,7654,130,7654,-1,301277,-4,600784,-3,299507,3,299507
